Ref	x1	y1	x2	y2	Connectivity	Line Length
0	530635.696268	184468.675646	530732.377854	183731.866556	8	743.12512
1	530655.080407	184267.843134	531386.664678	184568.766995	9	791.0567
2	530781.419478	184322.997346	530814.78724	184178.968574	4	147.84348
3	530667.76131	184203.901437	531124.686107	184392.857349	5	494.45386
4	530798.725861	184207.390438	530856.762846	184149.487013	3	81.982307
5	530747.870324	184145.998012	530810.755405	184207.340453	3	87.848892
6	530753.938689	184164.022852	530781.427723	183967.049235	3	198.88251
7	530638.070845	184123.954322	531070.977779	184116.826362	7	432.96561
8	530837.494138	183967.908989	530855.674498	184153.675814	3	186.65433
9	530776.925919	183970.168342	530838.112518	183968.488823	3	61.209644
10	530803.879024	183673.983124	530817.351454	183970.908131	5	297.2305
11	530803.31836	183742.403539	530916.415863	183745.002795	2	113.12737
12	530912.186147	183663.646083	530932.996681	184479.606956	10	816.2262
13	530995.213912	184191.1051	531426.867596	184272.091918	4	439.18533
14	530992.995991	184260.565217	531006.303519	184067.090599	2	193.93173
15	531065.503058	184264.454104	531069.386482	184200.262479	3	64.308983
16	531014.260003	184282.658893	531076.262863	184252.777446	2	68.827721
17	531055.856337	184254.05708	531446.820644	184352.768824	4	403.23331
18	531101.674141	184455.949289	531227.444303	184068.530187	8	407.3226
19	531214.16151	184067.600453	531445.270572	184127.80322	7	238.82162
20	531166.28244	183883.173244	531225.605654	184081.636435	7	207.13977
21	531103.958023	183944.145791	531189.244935	183939.966987	1	85.389229
22	531199.126896	184509.586323	531222.402703	184422.521245	2	90.122643
23	531332.577077	184583.962646	531443.794706	184125.074001	10	472.17386
24	531026.454449	184114.297086	531441.626255	184200.71235	6	424.06982
25	531379.087467	183726.907975	531438.204555	184206.79061	11	483.51025
26	531367.365093	183473.836019	531409.569458	184011.596484	10	539.41406
27	531287.1303	183716.111065	531396.253684	183759.488649	5	117.42882
28	531294.394199	183777.773415	531391.413833	183726.268158	5	109.84353
29	531303.999695	183967.539095	531311.931444	183765.686875	4	202.008
30	531069.774	183880.95388	531403.294966	183913.414588	9	335.09689
31	531055.773886	183973.477395	531081.160429	183854.721389	3	121.43914
32	530979.070082	183853.471746	531006.056167	183971.198048	2	120.77968
33	531002.370625	183965.559662	531057.760946	183972.597647	2	55.835659
34	530675.049944	183881.16382	531237.536258	183892.420597	10	562.59894
35	531246.803707	183901.647956	531247.100529	183877.364907	1	24.284863
36	531378.13104	184039.148597	531423.297484	184035.389673	2	45.32259
37	531365.837654	184048.645878	531385.988583	184035.489644	2	24.065462
38	531360.008395	184112.477607	531368.607994	184041.148025	2	71.8461
39	531176.638237	183932.709065	531212.594948	183499.852969	6	434.34695
40	531191.28971	183523.406227	531385.782456	183575.241389	4	201.28168
41	530904.180192	183681.79089	531226.595062	183515.558473	5	362.74588
42	531087.294754	183504.461649	531157.699331	183893.960157	3	395.81042
43	531029.208299	183891.140964	531030.230687	183855.631128	1	35.524551
44	531182.681866	183748.751722	531275.851057	183743.153325	3	93.337242
45	531240.760077	183741.113908	531312.920852	183782.89195	4	83.382149
46	531238.319539	183754.010217	531308.056265	183714.501526	4	80.15078
47	531293.948966	183547.909213	531303.282375	183726.188181	3	178.52312
48	530707.321114	183575.611283	530731.660534	183750.551207	2	176.62498
49	530711.864142	183690.118506	530973.265559	183658.367594	4	263.32266
50	531139.131454	184142.888902	531154.533228	184098.471616	2	47.011806
51	531091.400795	184089.16428	531155.786477	184099.901207	1	65.274788
52	531060.226219	184127.683254	531065.651469	184023.503075	3	104.32134
53	530915.104898	184035.689587	531213.139122	184017.404821	3	298.5946
54	531281.498924	184088.374506	531294.732247	184020.813845	2	68.84449
55	531263.310319	184015.655322	531322.328466	184027.032065	3	60.104675
56	531267.276193	184023.293136	531279.998323	183953.103227	2	71.333557
57	531276.790994	183954.982689	531332.164824	183964.220045	3	56.139023
58	531315.938544	184033.420237	531330.606508	183957.32202	2	77.498955
59	530805.297175	183814.47291	530917.998915	183816.172423	2	112.71455
60	531137.25158	184338.103022	531389.731841	184417.270361	2	264.6011
61	531482.315148	184748.987159	531515.68291	184604.958387	3	147.84348
62	531368.65698	184629.89125	531825.581777	184818.847162	4	494.45386
63	531499.621531	184633.380251	531557.658516	184575.476826	3	81.982307
64	531448.765994	184571.987825	531511.651075	184633.330266	3	87.848892
65	531455.263586	184588.241656	531482.75262	184391.268039	3	198.88251
66	531253.867502	184551.34532	531771.873449	184542.816175	8	518.07617
67	531538.389808	184393.898802	531556.570168	184579.665627	3	186.65433
68	531477.821589	184396.158155	531539.008188	184394.478636	3	61.209644
69	531504.774694	184099.972937	531518.247124	184396.897944	5	297.2305
70	531504.21403	184168.393352	531617.311533	184170.992608	2	113.12737
71	531613.081817	184089.635896	531633.892351	184844.909702	11	755.56042
72	531696.109582	184617.094913	532336.825597	184713.631764	7	647.94781
73	531693.891661	184686.55503	531707.199189	184493.080412	3	193.93173
74	531766.398728	184690.443917	531770.282152	184626.252292	3	64.308983
75	531715.155673	184708.648706	531777.158533	184678.767259	2	68.827721
76	531756.752007	184680.046893	531893.049669	184714.459702	3	140.57487
77	531802.569811	184881.939102	531928.339973	184494.52	7	407.3226
78	531915.05718	184493.590266	532146.166242	184553.793033	5	238.82162
79	531867.17811	184309.163057	531926.501324	184507.626248	7	207.13977
80	531804.853693	184370.135604	531890.140605	184365.9568	1	85.389229
81	531914.954989	184937.248897	531938.230796	184850.183819	1	90.122643
82	531727.350119	184540.286899	532142.521925	184626.702163	5	424.06982
83	531988.02597	184142.100878	532097.149354	184185.478462	4	117.42882
84	531995.289869	184203.763228	532092.309503	184152.257971	4	109.84353
85	532004.895365	184393.528908	532012.827114	184191.676688	4	202.008
86	531770.66967	184306.943693	532197.700686	184339.404401	9	428.263
87	531756.669556	184399.467208	531782.056099	184280.711202	3	121.43914
88	531679.965752	184279.461559	531706.951837	184397.187861	2	120.77968
89	531703.266295	184391.549475	531758.656616	184398.58746	2	55.835659
90	531375.945614	184307.153633	531938.431928	184318.41041	10	562.59894
91	531947.699377	184327.637769	531947.996199	184303.35472	1	24.284863
92	532079.02671	184465.13841	532156.350838	184461.379486	1	77.415443
93	532066.733324	184474.635691	532086.884253	184461.479457	2	24.065462
94	532060.904065	184538.46742	532069.503664	184467.137838	2	71.8461
95	531877.533907	184358.698878	531913.490618	184005.483699	5	355.04062
96	531605.075862	184107.780703	531784.325886	184010.332886	5	204.02609
97	531761.919063	183988.762648	531858.595001	184319.94997	5	345.00909
98	531730.103969	184317.130777	531731.126357	184281.620941	1	35.524551
99	531883.577536	184174.741535	531976.746727	184169.143138	3	93.337242
100	531941.655747	184167.103721	532013.816522	184208.881763	4	83.382149
101	531939.215209	184180.00003	532008.951935	184140.491339	4	80.15078
102	531994.844636	184026.539839	532004.178045	184152.177994	3	125.98436
103	531409.165843	184133.61755	531674.161229	184084.357407	7	269.535
104	531840.027124	184568.878715	531855.428898	184524.461429	2	47.011806
105	531792.296465	184515.154093	531856.682147	184525.89102	1	65.274788
106	531761.121889	184553.673067	531766.547139	184449.492888	3	104.32134
107	531616.000568	184461.6794	531914.034792	184443.394634	3	298.5946
108	531982.394594	184514.364319	531995.627917	184446.803658	2	68.84449
109	531964.205989	184441.645135	532023.224136	184453.021878	3	60.104675
110	531968.171863	184449.282949	531980.893993	184379.09304	2	71.333557
111	531977.686664	184380.972502	532033.060494	184390.209858	3	56.139023
112	532016.834214	184459.41005	532031.502178	184383.311833	2	77.498955
113	531506.192845	184240.462723	531618.894585	184242.162236	2	112.71455
114	531838.14725	184764.092835	532090.627511	184843.260174	3	264.6011
115	531898.14101	185489.577346	532384.945646	183588.377395	18	1962.5341
116	532034.570496	184072.765934	532153.818761	183879.247573	2	227.30927
117	531848.44415	184056.30916	531872.755533	183888.256031	4	169.80252
118	531400.054039	183972.757185	532184.244392	184077.342903	11	791.13379
119	531934.003528	183974.894229	532082.780772	183561.676249	4	439.18533
120	531813.343861	183944.172569	532002.221345	183988.159089	2	193.93173
121	531954.870458	183903.130736	532017.621625	183917.199738	3	64.308983
122	532007.80999	183904.715765	532027.422876	183970.689929	2	68.827721
123	532005.819462	183925.065251	532165.607001	183554.842291	4	403.23331
124	531850.025607	183726.090547	532215.340633	183914.50679	8	411.04227
125	531846.989846	183739.055158	531943.272396	183520.502093	6	238.82162
126	531657.287906	183756.915025	531862.671007	183729.995445	7	207.13977
127	531707.542847	183828.164062	531717.01638	183743.301986	1	85.389229
128	531940.34277	183521.523908	532612.061879	183803.786692	10	728.61432
129	531863.159436	183931.80645	532014.667663	183535.72504	6	424.06982
130	531536.953309	183521.916305	532020.122575	183540.072134	8	483.51025
131	531322.823096	183496.217515	531822.859891	183537.217461	5	501.71484
132	531511.632096	183610.975442	531571.854282	183510.164649	5	117.42882
133	531538.287099	183509.645622	531573.66377	183613.636448	5	109.84353
134	531564.528151	183594.396389	531762.533216	183634.411704	4	202.008
135	531647.800083	183818.5796	531724.933652	183527.756719	8	300.87793
136	531562.202013	183850.065477	531683.634527	183848.796579	2	121.43914
137	531554.551076	183899.243828	531664.561818	183949.097288	2	120.77968
138	531559.344147	183903.976806	531563.459261	183848.292996	2	55.835659
139	531576.977884	184241.542411	531576.980112	184241.530177	1	0.012435302
140	531664.440206	183676.204772	531688.365256	183680.369694	1	24.284863
141	531845.046699	183572.646808	531848.537589	183527.458858	2	45.32259
142	531842.687431	183564.306378	531852.462311	183586.297243	2	24.065462
143	531845.502111	183582.366824	531914.547926	183602.2298	2	71.8461
144	531365.756011	183674.793817	531707.841194	183754.590132	5	351.26874
145	531374.060775	183774.507149	531666.56825	183767.108281	4	292.60104
146	531608.404903	183886.834614	531643.297417	183893.505914	1	35.524551
147	531527.201005	183719.292094	531536.529925	183626.42223	3	93.337242
148	531528.921394	183660.739083	531581.670868	183596.162963	4	83.382149
149	531513.379763	183590.060561	531541.26357	183665.204695	4	80.15078
150	531346.669404	183577.424472	531524.155712	183596.636795	3	178.52312
151	531867.958408	183802.842932	531909.351639	183825.129931	2	47.011806
152	531848.703773	183863.683623	531869.569538	183801.833663	1	65.274788
153	531779.776929	183878.633935	531881.759204	183900.601153	3	104.32134
154	531767.803098	184029.197571	531797.273386	183732.060846	5	298.5946
155	531813.648701	183652.055167	531878.234973	183675.891635	2	68.84449
156	531803.545994	183682.252572	531824.187543	183625.803494	3	60.104675
157	531744.455054	183655.80423	531811.718445	183679.555275	2	71.333557
158	531745.799066	183659.270202	531763.747518	183606.077695	3	56.139023
159	531756.689274	183606.516194	531829.475123	183633.130249	2	77.498955
160	532101.768494	183858.112362	532220.180595	183621.485389	2	264.6011
161	531603.201562	184097.54814	531677.778268	183688.047288	9	416.23627
162	530283.954463	184816.224091	530735.913127	184226.335686	8	743.12512
163	530031.188827	184139.955564	532155.727239	185032.528489	15	2304.4197
164	530658.07799	184557.915926	530736.182459	184432.387497	4	147.84348
165	530571.605016	184436.422319	531028.529813	184625.378231	5	494.45386
166	530666.7819	184526.451467	530666.970866	184608.433553	3	81.982307
167	530587.419247	184533.993682	530675.26257	184534.983211	3	87.848892
168	530484.78534	184684.376675	530604.445957	184525.51954	3	198.88251
169	530494.120564	184472.048499	530795.550319	184782.852818	7	432.96561
170	530525.083202	184723.367243	530669.158913	184604.69952	3	186.65433
171	530483.801413	184678.989008	530525.930499	184723.393522	3	61.209644
172	530293.689137	184907.701657	530512.942029	184707.017488	5	297.2305
173	530341.616956	184858.869376	530423.516952	184936.909058	2	113.12737
174	530363.061129	184991.515821	530950.638138	184434.164686	10	809.86853
175	530794.377847	184676.757956	531157.155075	184924.298761	4	439.18533
176	530714.63809	184772.38299	530841.86679	184626.019141	2	193.93173
177	530853.353986	184722.66267	530895.942795	184674.477205	3	64.308983
178	530872.524608	184625.397132	530895.312774	184690.342917	2	68.827721
179	530881.770348	184675.02409	531228.261643	184881.278496	4	403.23331
180	530872.205195	184927.553625	531056.800416	184564.460939	8	407.3226
181	530862.145357	184918.830286	531068.273127	185039.441704	7	238.82162
182	530697.991446	185015.573733	530880.160401	184916.976808	7	207.13977
183	530696.935008	184928.390774	530754.360003	184991.58642	1	85.389229
184	531185.28388	184712.955635	531230.299717	184634.880893	1	90.122643
185	531065.300707	185040.331386	531310.676276	184636.92219	8	472.17386
186	530762.244887	184753.196919	531117.1883	184985.253807	6	424.06982
187	530857.793097	185213.727228	531119.059025	184978.53416	7	351.53329
188	530551.230991	185447.375269	530733.983907	185290.855505	6	240.61809
189	530348.818115	184670.043145	530754.964885	185059.353265	7	562.59894
190	530751.101941	185076.766671	530768.042714	185059.366534	0	24.284863
191	530958.127638	185054.782177	530999.561686	185101.458496	2	62.413612
192	530956.132728	185039.376138	530961.105876	185062.922141	2	24.065462
193	530952.798246	185046.640697	530997.089847	184990.071126	2	71.8461
194	530292.86417	185138.907267	530369.446508	185353.216185	2	227.58112
195	530279.260644	185168.084421	530370.209055	184973.016186	4	215.22832
196	530155.854559	184909.143223	530296.643458	184802.490186	2	176.62498
197	530239.94609	184831.289787	530402.572415	185038.392418	5	263.32266
198	530841.737233	184854.861003	530862.205515	184812.538912	2	47.011806
199	530790.470732	184816.859996	530843.634143	184854.734123	1	65.274788
200	530725.866309	184845.156464	530795.607182	184767.573259	3	104.32134
201	530627.898364	184730.199677	530825.968862	184953.642755	4	298.5946
202	530886.13816	185008.857925	530924.487493	184951.683697	2	68.84449
203	530860.25048	184990.316729	530910.065992	185023.946875	3	60.104675
204	530827.884295	185046.385296	530868.452527	184987.710817	2	71.333557
205	530826.941205	185042.789476	530872.665797	185075.360191	3	56.139023
206	530866.690618	185079.142828	530910.054337	185014.911405	3	77.498955
207	531280.890316	184879.402502	531418.783795	184696.340072	3	229.18652
208	531365.823685	184738.325775	531592.602283	184976.32175	6	328.74097
209	531322.135167	184916.836174	531466.210877	184798.168452	2	186.65433
210	531280.853377	184872.45794	531322.982463	184916.862454	3	61.209644
211	531090.741101	185101.170589	531309.993993	184900.48642	4	297.2305
212	531234.61837	185110.479476	531708.28843	184665.008406	9	650.23676
213	531591.429811	184870.226888	531810.671873	185019.826566	3	265.41882
214	531511.690054	184965.851921	531638.918754	184819.488073	3	193.93173
215	531650.40595	184916.131602	531692.994759	184867.946136	3	64.308983
216	531669.576573	184818.866063	531692.364738	184883.811849	3	68.827721
217	531678.822312	184868.493022	532025.313608	185074.747427	4	403.23331
218	531669.25716	185121.022557	531803.886243	184855.964934	6	297.28864
219	531659.197321	185112.299218	531865.325091	185232.910635	4	238.82162
220	531525.017578	185192.81948	531677.212366	185110.445739	6	173.05688
221	531361.980864	184957.783264	531551.411968	185185.055352	4	295.86609
222	531559.296851	184946.66585	531914.240265	185178.722739	4	424.06982
223	531495.587084	185514.328262	531683.190124	185202.326857	6	364.06012
224	531462.599703	185412.663349	531570.487702	185459.028287	4	117.42882
225	531511.293539	185374.141666	531543.598132	185479.127446	4	109.84353
226	531145.870079	184863.512077	531379.525038	185080.330385	4	318.7551
227	531313.34303	185456.733951	531364.882898	185058.167136	5	401.88538
228	531306.054288	185343.694337	531471.261897	185366.875736	4	166.82605
229	531447.432504	185362.212424	531528.024132	185383.603353	4	83.382149
230	531454.813342	185351.359118	531476.276843	185428.582597	4	80.15078
231	531385.807059	185499.287467	531481.151482	185416.937606	3	125.98436
232	531046.820419	185009.825167	531131.431446	185132.77165	5	149.24767
233	531638.789198	185048.329935	531659.257479	185006.007844	2	47.011806
234	531587.522697	185010.328928	531640.686107	185048.203055	1	65.274788
235	531522.918273	185038.625395	531592.659147	184961.042191	3	104.32134
236	531424.950328	184923.668608	531623.020826	185147.111687	3	298.5946
237	531683.190124	185202.326857	531721.539458	185145.152628	2	68.84449
238	531522.475126	185175.01268	531707.117957	185217.415806	4	189.4492
239	531190.971716	185002.716462	531271.956062	185081.113568	2	112.71455
240	531383.970056	186031.229354	531510.979479	185470.505352	6	574.92853
241	531394.31707	185715.840841	531446.57893	185494.621034	2	227.30927
242	531201.708933	185510.951124	531303.192797	185374.811772	3	169.80252
243	531179.130486	185309.154054	531945.523583	185894.409458	13	964.30402
244	531119.729967	185890.482946	531306.259495	185492.876981	4	439.18533
245	531199.143477	185429.404668	531363.921212	185531.668132	2	193.93173
246	531270.345734	185558.418033	531324.705449	185592.778869	3	64.308983
247	531308.942264	185594.686673	531369.423608	185561.834543	2	68.827721
248	531173.537681	185953.820275	531321.905785	185578.874941	4	403.23331
249	531071.081902	185609.697629	531458.962707	185734.036583	8	407.3226
250	530991.888039	185821.097506	531078.08961	185598.37557	6	238.82162
251	530956.409773	185451.747407	531082.791848	185615.8646	7	207.13977
252	530989.078083	185503.570056	531042.308887	185436.803289	1	85.389229
253	530990.535791	185818.304973	531427.908644	185996.218258	7	472.17386
254	531053.182121	185860.746689	531225.67492	185473.343204	5	424.06982
255	530705.244826	185533.116831	531060.114084	185861.522043	8	483.51025
256	530721.65189	185566.086325	530750.221062	185452.185798	4	117.42882
257	530697.522371	185542.745556	530796.014069	185494.11443	4	109.84353
258	530775.957685	185501.282477	530944.392205	185612.803972	4	202.008
259	530842.445203	185661.751105	530993.246275	185401.392558	7	300.87793
260	530866.53772	185054.496792	530910.763225	185339.341033	5	288.25708
261	531241.837484	185051.9572	531241.844548	185051.946966	1	0.012435302
262	530922.274679	185514.972524	531058.699701	185297.133443	5	257.03241
263	530904.468114	185513.935543	530924.34682	185527.885154	1	24.284863
264	530929.736723	185749.262318	530959.18129	185714.807208	2	45.32259
265	530951.620343	185719.045249	530974.072142	185710.381351	2	24.065462
266	530966.368846	185708.247852	531029.276911	185742.952862	2	71.8461
267	530692.026577	185303.976423	530990.555487	185489.098583	6	351.26874
268	530835.94378	185306.864232	530970.178935	185451.086004	3	197.02538
269	530668.7796	185311.512872	531368.109166	185350.571812	10	700.41949
270	530778.756701	185458.835796	530837.745708	185386.502282	3	93.337242
271	530789.341101	185512.139628	530797.608142	185429.168318	4	83.382149
272	530736.68628	185468.226257	530809.499457	185434.724184	4	80.15078
273	530609.743661	185359.425586	530748.959542	185471.181754	4	178.52312
274	531137.98644	185568.028734	531183.03071	185581.486954	2	47.011806
275	531138.414156	185569.881144	531167.326902	185511.35892	2	65.274788
276	531037.954234	185568.212706	531226.956583	185337.048601	4	298.5946
277	530905.703102	185592.17185	531055.596881	185665.158545	2	166.71893
278	531259.240929	185945.187025	531342.541952	185694.040277	2	264.6011
279	530564.955234	184893.47949	530687.494969	184780.983957	2	166.34673
280	530406.734043	184768.71716	530476.74297	184939.450519	2	184.52948
281	531070.732747	185471.568523	531173.366327	185528.106492	2	117.17591
282	531054.947555	184568.105455	531230.772586	184476.728485	3	198.15195
283	533270.701887	183269.704674	533995.226148	183104.47889	8	743.12512
284	533457.921448	183355.764288	533604.573756	183337.034753	3	147.84348
285	533511.624314	183701.926679	533530.131552	183207.819313	5	494.45386
286	533572.342952	183331.843845	533646.798158	183366.158863	3	81.982307
287	533576.567617	183343.107265	533612.252246	183262.832514	3	87.848892
288	533597.456849	183274.783083	533791.716865	183232.153296	3	198.88251
289	533594.791129	183152.211723	533751.821496	183555.697392	7	432.96561
290	533642.492107	183366.593004	533810.382168	183285.028513	3	186.65433
291	533787.228453	183229.014949	533810.053185	183285.809776	3	61.209644
292	533800.574266	183267.181171	534074.33864	183151.426975	5	297.2305
293	534009.982255	183174.663224	534046.822896	183281.623817	2	113.12737
294	533363.7017	183552.296365	534121.646703	183249.402658	10	816.2262
295	533655.853794	183510.445932	533729.818734	183943.358112	4	439.18533
296	533589.946866	183532.48916	533776.00052	183477.77576	2	193.93173
297	533611.481324	183601.833701	533673.02611	183583.182025	3	64.308983
298	533576.613253	183560.102626	533626.168001	183607.868539	2	68.827721
299	533617.880948	183589.176602	533661.093042	183990.08783	4	403.23331
300	533444.467532	183702.258531	533851.451454	183685.651865	7	407.3226
301	533847.710281	183672.872952	533871.517605	183910.504985	7	238.82162
302	533838.522437	183688.479385	534004.029918	183563.923552	7	207.13977
303	533925.207623	183526.653856	533958.745975	183605.180913	1	85.389229
304	533207.325575	183960.304964	533517.743221	183803.863123	4	347.61066
305	533404.613467	183963.247494	533873.564387	183908.173141	9	472.17386
306	533738.730645	183513.06696	533801.880965	183932.408424	6	424.06982
307	533794.992702	183931.310648	534224.474603	183709.212763	11	483.51025
308	533968.092403	183836.668115	534457.72329	183610.329606	10	539.41406
309	534199.883601	183736.62557	534202.663279	183619.229654	5	117.42882
310	534147.361737	183647.456398	534229.355471	183720.549685	5	109.84353
311	533972.743724	183722.368537	534164.786549	183659.704473	4	202.008
312	533972.594317	183472.65139	534057.983991	183796.686166	9	335.09689
313	533880.967657	183491.655579	534001.148439	183474.218692	3	121.43914
314	533865.838452	183444.240875	533966.864912	183378.048841	2	120.77968
315	533869.845916	183438.826556	533882.48274	183493.213425	2	55.835659
316	533835.312059	183102.569364	534020.104195	183633.953815	10	562.59894
317	534014.669713	183645.849032	534037.544378	183637.694015	1	24.284863
318	533931.336857	183816.755233	533950.547856	183857.804894	2	45.32259
319	533918.1613	183808.525385	533937.496942	183822.85296	2	24.065462
320	533856.278232	183825.227352	533926.154582	183808.519327	2	71.8461
321	533961.173903	183590.83827	534379.574955	183474.228476	6	434.34695
322	534350.088555	183462.429267	534369.026017	183662.818101	4	201.28168
323	534101.850875	183248.196611	534369.70918	183492.811601	5	362.74588
324	533990.933559	183559.620921	534331.737103	183358.328008	3	395.81042
325	533948.953082	183438.148567	533982.60772	183426.774957	1	35.524551
326	534135.779962	183532.618397	534173.387016	183618.044094	3	93.337242
327	534148.995999	183666.60752	534163.112597	183584.429032	4	83.382149
328	534150.171418	183586.619216	534211.440101	183638.294124	4	80.15078
329	534198.822923	183637.876087	534362.763695	183567.208368	3	178.52312
330	533977.45538	183110.29529	534133.053441	183026.715223	2	176.62498
331	534027.251348	183070.743173	534147.809166	183304.847068	4	263.32266
332	533751.050565	183628.660294	533798.052098	183627.677537	2	47.011806
333	533784.854581	183565.242321	533797.146736	183629.349268	1	65.274788
334	533737.906423	183549.385586	533837.486192	183518.291973	3	104.32134
335	533773.77426	183381.348296	533894.426477	183654.481548	3	298.5946
336	533851.615179	183743.233739	533919.566465	183732.179943	2	68.84449
337	533913.491248	183700.922309	533923.319298	183760.218021	3	60.104675
338	533907.706166	183707.293901	533977.945511	183694.847607	2	71.333557
339	533975.069147	183692.492641	533985.637771	183747.627875	3	56.139023
340	533915.109567	183756.444407	533991.565242	183743.77091	2	77.498955
341	533943.085985	183201.548147	533980.63292	183307.825135	2	112.71455
342	533567.334441	183694.694167	533580.779713	183958.953461	2	264.6011
343	533281.590018	184813.90419	533299.34	184222.454929	10	591.71558
344	533203.504476	184131.512968	533448.516179	184142.247827	6	245.24675
345	533355.566737	184507.139752	533425.55373	183189.45307	10	1319.5439
346	533416.285375	184137.056918	533490.740581	184171.371937	3	81.982307
347	533420.51004	184148.320338	533456.19467	184068.045587	3	87.848892
348	533443.209115	184079.783606	533637.469131	184037.153819	3	198.88251
349	533407.865187	183878.109292	533595.763919	184360.910466	7	518.07617
350	533486.43453	184171.806078	533654.324591	184090.241587	3	186.65433
351	533631.170876	184034.228023	533653.995608	184091.022849	3	61.209644
352	533644.516689	184072.394244	533918.281063	183956.640049	5	297.2305
353	533853.924678	183979.876298	533890.765319	184086.836891	2	113.12737
354	533264.553798	184336.433171	533965.589126	184054.615732	11	755.56042
355	533499.796217	184315.659006	533573.761157	184748.571185	5	439.18533
356	533433.88929	184337.702234	533619.942943	184282.988833	3	193.93173
357	533455.423747	184407.046775	533516.968533	184388.395099	3	64.308983
358	533420.555676	184365.315699	533470.110424	184413.081613	2	68.827721
359	533461.823371	184394.389676	533505.035465	184795.300904	4	403.23331
360	533288.409955	184507.471605	533695.393878	184490.864939	8	407.3226
361	533691.652704	184478.086026	533715.460028	184715.718059	7	238.82162
362	533682.46486	184493.692459	533847.972341	184369.136626	7	207.13977
363	533769.150046	184331.86693	533802.688398	184410.393987	1	85.389229
364	533280.174611	184638.111522	533369.903983	184629.701356	2	90.122643
365	533248.55589	184768.460568	533717.50681	184713.386214	11	472.17386
366	533582.673068	184318.280034	533645.823388	184737.621498	6	424.06982
367	533638.935125	184736.523722	534121.003937	184485.225527	11	543.63696
368	534043.826024	184541.838644	534046.605702	184424.442728	4	117.42882
369	533991.30416	184452.669472	534073.297894	184525.762759	4	109.84353
370	533816.686147	184527.581611	534008.728972	184464.917547	4	202.008
371	533816.53674	184277.864464	533901.926415	184601.899239	9	335.09689
372	533724.91008	184296.868652	533845.090862	184279.431766	3	121.43914
373	533709.780875	184249.453948	533810.807335	184183.261915	2	120.77968
374	533713.788339	184244.03963	533726.425163	184298.426499	2	55.835659
375	533679.254482	183907.782438	533864.046618	184439.166889	10	562.59894
376	533858.612136	184451.062105	533881.486801	184442.907089	1	24.284863
377	533775.27928	184621.968307	533794.490279	184663.017968	2	45.32259
378	533762.103724	184613.738458	533781.439365	184628.066033	2	24.065462
379	533700.220655	184630.440425	533770.097005	184613.732401	2	71.8461
380	533805.116326	184396.051343	534148.833614	184307.10038	5	355.04062
381	533945.793298	184053.409685	534099.428093	184187.659445	5	204.02609
382	533834.875982	184364.833995	534111.873958	184159.156088	5	345.00909
383	533792.895505	184243.361641	533826.550144	184231.988031	1	35.524551
384	533979.722385	184337.831471	534017.329439	184423.257168	3	93.337242
385	533992.938422	184471.820594	534007.05502	184389.642106	4	83.382149
386	533994.113841	184391.83229	534055.382524	184443.507198	4	80.15078
387	534042.765346	184443.089161	534157.341868	184390.703292	3	125.98436
388	533853.526216	183878.666834	533991.751589	184110.060142	6	269.535
389	533594.992988	184433.873368	533641.994521	184432.89061	2	47.011806
390	533628.797004	184370.455395	533641.089159	184434.562341	1	65.274788
391	533581.848846	184354.59866	533681.428615	184323.505047	3	104.32134
392	533617.716683	184186.56137	533738.368901	184459.694622	3	298.5946
393	533695.557602	184548.446813	533763.508888	184537.393017	2	68.84449
394	533757.433671	184506.135383	533767.261721	184565.431094	3	60.104675
395	533751.648589	184512.506975	533821.887935	184500.060681	2	71.333557
396	533819.011571	184497.705715	533829.580194	184552.840948	3	56.139023
397	533759.05199	184561.657481	533835.507666	184548.983984	2	77.498955
398	533787.028409	184006.76122	533824.575343	184113.038209	3	112.71455
399	533411.276864	184499.907241	533424.722136	184764.166535	3	264.6011
400	534079.043875	184492.516695	534641.721189	184610.571934	10	574.92853
401	534078.581459	184263.75404	534244.617529	184228.188309	4	169.80252
402	534001.209547	183814.256308	534167.642419	184551.258139	11	755.56042
403	534184.643095	184315.712944	534623.810302	184321.836821	4	439.2099
404	534171.548117	184191.894135	534195.895544	184384.291435	2	193.93173
405	534259.186721	184310.35799	534267.786545	184374.08937	3	64.308983
406	534221.029704	184401.857388	534276.085944	184360.552837	2	68.827721
407	534256.311788	184365.753465	534658.98396	184387.018927	4	403.23331
408	534340.296458	184554.97902	534388.795247	184150.554043	7	407.3226
409	534375.5833	184152.209774	534613.971169	184166.597117	5	238.82162
410	534292.952711	183980.51823	534389.525079	184163.768494	7	207.13977
411	534243.591734	184052.389493	534326.461777	184031.801248	1	85.389229
412	534523.654664	184592.936178	534529.659313	184503.013793	1	90.122643
413	534200.445183	184234.314318	534624.49092	184238.835314	5	424.06982
414	534471.532711	183786.060015	534606.990485	184209.222433	7	444.31436
415	534421.265724	183576.333035	534556.477661	184059.484692	5	501.71484
416	534379.22304	183793.244614	534494.673805	183814.707337	5	117.42882
417	534398.270908	183852.339354	534483.502838	183783.049247	5	109.84353
418	534413.140645	183837.090409	534444.382051	184036.667977	4	202.008
419	534231.831306	183993.036716	534531.340314	183964.368091	8	300.87793
420	534172.577514	183923.701456	534215.940242	184037.13487	2	121.43914
421	534115.258786	184054.083176	534123.803083	183933.6061	2	120.77968
422	534121.029309	183939.744568	534174.676304	183924.264876	2	55.835659
423	533810.59916	184073.5153	533810.611406	184073.513141	1	0.012435302
424	533954.738015	184048.098338	534364.650043	183975.815827	8	416.23627
425	534371.123204	183959.195139	534375.526555	183983.077456	1	24.284863
426	534530.958921	184092.594917	534574.546569	184080.175007	2	45.32259
427	534520.73354	184104.289671	534537.960852	184087.485916	2	24.065462
428	534522.002078	184096.397688	534527.354661	184168.044127	2	71.8461
429	534268.71504	183678.612162	534312.689759	184027.117468	5	351.26874
430	534178.09244	183721.02987	534286.616931	183992.760989	4	292.60104
431	534154.143024	183979.798213	534160.00494	184014.835788	1	35.524551
432	534283.055419	183845.462203	534373.38459	183821.957288	3	93.337242
433	534338.56135	183826.740385	534417.437595	183853.779619	4	83.382149
434	534338.660061	183839.865219	534399.443055	183787.619882	4	80.15078
435	534353.39508	183626.897766	534397.018576	183800.008983	3	178.52312
436	534316.524037	184240.583205	534323.048179	184194.026299	2	47.011806
437	534259.30742	184197.099766	534324.554163	184195.186633	1	65.274788
438	534221.349777	184137.655347	534236.167736	184240.918947	3	104.32134
439	534075.999349	184178.716694	534364.876021	184103.158771	5	298.5946
440	534445.588895	184090.729314	534445.666539	184159.57376	2	68.84449
441	534413.76248	184091.742822	534473.866644	184091.495124	3	60.104675
442	534418.042635	184027.144569	534419.130132	184098.469833	2	71.333557
443	534415.259165	184029.608637	534471.374163	184027.966459	3	56.139023
444	534468.511671	184021.499835	534468.83228	184098.998125	2	77.498955
445	534352.419821	184432.477914	534615.442074	184461.340417	3	264.6011
446	532822.628275	183060.558178	533532.762428	183279.520388	8	743.12512
447	533311.003242	183772.13925	533342.10287	183213.502392	5	559.50183
448	533194.789303	183321.685907	533339.629599	183351.33356	4	147.84348
449	533234.487353	184185.811657	533278.689124	183198.40131	9	988.39923
450	533150.504528	183347.569737	533227.318113	183318.920628	3	81.982307
451	533192.683163	183247.117175	533222.262704	183329.836454	3	87.848892
452	533016.016412	183203.098735	533206.54312	183260.141057	3	198.88251
453	533031.59668	183528.720721	533218.370549	183138.112551	7	432.96561
454	532993.447981	183254.429505	533154.766037	183348.324784	3	186.65433
455	532993.717598	183255.233189	533020.727019	183200.304946	3	61.209644
456	532740.225415	183101.456559	533004.563505	183237.365869	5	297.2305
457	532757.924444	183233.346962	532802.663245	183129.442	2	113.12737
458	532685.720654	183195.618751	533412.442248	183553.057914	11	809.86853
459	533024.538111	183916.941189	533130.680604	183490.775096	4	439.18533
460	533013.314477	183449.208665	533194.753878	183517.68685	2	193.93173
461	533108.115245	183562.022779	533168.092312	183585.226165	3	64.308983
462	533152.99534	183590.14543	533205.984455	183546.220389	2	68.827721
463	533089.575533	183968.681125	533162.657458	183572.125795	4	403.23331
464	532922.524395	183650.858063	533327.125673	183697.863386	8	407.3226
465	532885.693914	183873.580068	532927.211036	183638.394822	7	238.82162
466	532779.479562	183518.056912	532935.205668	183654.64484	7	207.13977
467	532821.550289	183562.586222	532860.869029	183486.788093	1	85.389229
468	532883.827305	183871.101644	533293.632281	183952.760517	9	417.86157
469	532953.496908	183900.631433	533047.8399	183487.189023	6	424.06982
470	532548.783925	183646.448256	532960.447991	183900.052022	11	483.51025
471	532323.585929	183530.393563	532794.913219	183792.725629	8	539.41406
472	532571.255358	183675.623828	532577.265488	183558.348912	5	117.42882
473	532543.068654	183657.388289	532630.300523	183590.633501	5	109.84353
474	532612.008295	183601.543762	532798.825322	183678.398363	4	202.008
475	532708.264427	183746.1312	532817.654866	183429.39209	8	335.09689
476	532758.211581	183586.688488	532982.237138	183070.616672	8	562.59894
477	532740.540472	183589.113563	532762.740992	183598.956911	1	24.284863
478	532810.82743	183815.115636	532833.055397	183775.618109	2	45.32259
479	532826.456421	183781.237933	532846.809685	183768.396942	2	24.065462
480	532838.839254	183767.79295	532907.269939	183789.681389	2	71.8461
481	532411.696593	183400.519815	532820.202092	183548.10214	5	434.34695
482	532420.14458	183419.788898	532705.551235	183195.896947	4	362.74588
483	532468.070555	183288.522695	532792.861092	183514.746035	3	395.81042
484	532606.548409	183559.356739	532650.440517	183476.983667	3	93.337242
485	532619.308676	183526.604462	532627.238206	183609.608708	4	83.382149
486	532567.087105	183576.703398	532632.049753	183529.756598	4	80.15078
487	532319.10546	183440.943243	532579.700202	183577.230383	3	294.0813
488	532691.004424	182972.701974	532839.914144	183067.687656	2	176.62498
489	532655.483875	183248.950676	532793.216472	183024.521282	4	263.32266
490	532980.111006	183597.040814	533026.907326	183601.536855	2	47.011806
491	532980.888774	183598.775588	532997.942126	183535.767805	1	65.274788
492	532948.970195	183485.011804	533045.94493	183523.467543	3	104.32134
493	532882.00154	183616.560258	533022.747935	183353.217927	4	298.5946
494	532851.11962	183692.160301	532918.05361	183708.266348	2	68.84449
495	532845.279862	183719.83908	532859.5161	183661.444718	3	60.104675
496	532795.696864	183650.565417	532864.808334	183668.231221	2	71.333557
497	532784.077833	183702.622362	532798.741337	183648.432221	3	56.139023
498	532778.455497	183698.332789	532853.748882	183716.690184	2	77.498955
499	533126.981531	184343.351798	533236.94103	184128.252751	5	241.57544
500	532835.610266	183916.087636	533298.551877	184154.108856	5	520.54688
501	532781.105505	184010.249828	533459.094685	184343.719876	10	755.56042
502	533119.922963	184731.572266	533226.065455	184305.406173	5	439.18533
503	533108.699328	184263.839742	533290.13873	184332.317927	3	193.93173
504	533203.500097	184376.653856	533263.477163	184399.857242	3	64.308983
505	533248.380191	184404.776507	533301.369306	184360.851466	3	68.827721
506	533184.960385	184783.312202	533258.042309	184386.756872	5	403.23331
507	533017.909246	184465.48914	533313.224583	184499.685418	6	297.28864
508	532981.078765	184688.211145	533022.595887	184453.025899	8	238.82162
509	532874.864413	184332.687989	533030.590519	184469.275916	7	207.13977
510	532916.93514	184377.217299	532956.25388	184301.41917	1	85.389229
511	532979.212156	184685.732721	533312.519029	184749.741937	8	339.39749
512	533048.881759	184715.26251	533143.224751	184301.8201	7	424.06982
513	532593.913595	184428.026979	533055.832842	184714.683099	11	543.63696
514	532666.640209	184490.254905	532672.650339	184372.979989	5	117.42882
515	532638.453505	184472.019366	532725.685375	184405.264577	4	109.84353
516	532707.393146	184416.174838	532894.210173	184493.02944	4	202.008
517	532803.649278	184560.762277	532913.039717	184244.023167	9	335.09689
518	532884.448357	184243.450033	533002.988	184269.828409	3	121.43914
519	533001.360624	184271.268552	533018.030551	184217.979393	1	55.835659
520	532853.596432	184401.319564	533077.621989	183885.247749	9	562.59894
521	532835.925323	184403.74464	532858.125843	184413.587987	1	24.284863
522	532906.212281	184629.746713	532928.440249	184590.249186	2	45.32259
523	532921.841272	184595.86901	532942.194537	184583.028019	2	24.065462
524	532934.224105	184582.424026	533002.65479	184604.312466	2	71.8461
525	532579.486878	184248.319081	532915.586943	184362.733217	5	355.04062
526	532637.688968	184132.908686	532800.936086	184010.528024	5	204.02609
527	532627.410222	184103.554158	532888.245943	184329.377111	5	345.00909
528	532906.486242	184197.526206	532939.195758	184211.385546	1	35.524551
529	532701.93326	184373.987816	532745.825368	184291.614744	3	93.337242
530	532714.693527	184341.235539	532722.623057	184424.239785	4	83.382149
531	532662.471957	184391.334474	532727.434605	184344.387675	4	80.15078
532	532564.748392	184331.051265	532675.085054	184391.86146	3	125.98436
533	532750.868727	184063.581753	532906.016604	183843.177006	7	269.535
534	533075.495857	184411.671891	533122.292177	184416.167932	2	47.011806
535	533076.273625	184413.406665	533093.326978	184350.398881	1	65.274788
536	533044.355046	184299.642881	533141.329781	184338.09862	3	104.32134
537	532977.386391	184431.191335	533118.132786	184167.849003	3	298.5946
538	532946.504472	184506.791378	533013.438462	184522.897425	3	68.84449
539	532940.664713	184534.470157	532954.900952	184476.075795	3	60.104675
540	532891.081716	184465.196494	532960.193186	184482.862298	2	71.333557
541	532879.462684	184517.253439	532894.126188	184463.063297	3	56.139023
542	532873.840348	184512.963866	532949.133733	184531.321261	2	77.498955
543	532917.353772	184079.057405	532962.745749	183975.886969	2	112.71455
544	532065.2786	184514.06895	532635.210657	184438.436618	7	574.92853
545	532364.629597	184414.239317	532590.230088	184386.41984	1	227.30927
546	532489.874509	184162.462824	532652.784793	184210.349538	2	169.80252
547	532542.4661	184490.385692	532763.565425	183767.899229	12	755.56042
548	532030.38234	184165.122698	532543.133455	184254.228718	5	520.43597
549	532526.782394	184321.773294	532565.454237	184131.736438	2	193.93173
550	532455.856013	184306.221875	532469.199284	184243.312394	2	64.308983
551	532448.592493	184292.102419	532500.404605	184337.409821	2	68.827721
552	532151.559428	184344.737703	532467.9222	184298.767718	5	319.68521
553	532126.163226	184073.414024	532546.372759	184062.610646	5	420.34839
554	532532.763551	183974.089967	532584.490376	183864.218218	2	121.43914
555	532631.895052	183998.522448	532632.387207	183877.743771	2	120.77968
556	532582.355319	183864.623056	532634.69401	183884.072537	2	55.835659
557	532934.235328	184040.687683	532934.247379	184040.690753	1	0.012435302
558	532167.934598	183901.818224	532792.413758	184004.562433	7	632.87488
559	532368.508548	184092.677579	532506.956582	183612.623908	4	499.61923
560	532478.124198	183964.520986	532594.152127	183661.701955	4	324.28668
561	532590.210249	183956.03771	532598.676791	183921.536821	0	35.524551
562	532306.05875	184266.992332	532414.219172	184122.529385	3	180.46667
563	532412.630606	184123.573809	532477.551415	184130.362486	2	65.274788
564	532439.682428	184049.515329	532661.721044	184125.743623	5	234.75923
565	532847.771489	183350.898751	532995.822217	183426.742101	2	166.34673
566	532774.026261	183284.142626	532909.818834	183159.196609	2	184.52948
567	532709.490275	183812.886376	532835.431428	183979.968037	2	209.23062
568	532463.943732	184141.842329	532481.318515	184025.961742	3	117.17591
569	533323.064517	183697.391573	533469.816857	183830.537895	3	198.15195
570	529846.791844	185094.627525	532736.351417	185388.776756	16	2904.4927
571	530347.847156	185292.772305	530632.54739	185377.731381	3	297.10651
572	530537.847519	185421.393549	530918.45134	185724.218064	2	486.37634
573	530524.468228	184838.411754	530539.002713	185369.052417	5	530.83966
574	530335.169085	184982.866758	530559.280279	185043.45439	5	232.1566
575	530707.024701	184994.505864	530707.477025	185313.557473	6	319.05194
576	531131.431446	185132.77165	531131.431446	185359.356031	3	226.58438
577	530501.676063	185036.509115	530743.403575	185005.682885	5	243.68513
578	530485.48235	185236.499696	530775.181629	185251.675793	2	290.0965
579	532544.992916	185376.432414	536042.612412	185481.987222	23	3499.2119
580	532310.185466	184245.557105	532320.564971	184501.568004	4	256.22122
581	532121.12861	185156.54299	532552.782294	185237.529808	4	439.18533
582	532107.183652	185396.499385	532132.218217	185032.528489	3	364.83084
583	532191.417756	185229.891994	532195.30118	185165.700369	1	64.308983
584	532227.588839	185421.387179	532353.359001	185033.968077	5	407.3226
585	532340.076208	185033.038343	532571.18527	185093.24111	7	238.82162
586	532292.197138	184848.611134	532351.520352	185047.074325	6	207.13977
587	532229.872721	184909.583681	532315.159633	184905.404877	1	85.389229
588	532325.041594	185475.024213	532348.317401	185387.959135	1	90.122643
589	532458.491775	185549.400536	532569.709404	185090.511891	8	472.17386
590	532152.369147	185079.734976	532567.540953	185166.15024	5	424.06982
591	532505.002165	184692.345865	532564.119253	185172.2285	11	483.51025
592	532493.279792	184439.273909	532535.484156	184977.034374	10	539.41406
593	532413.044998	184681.548955	532522.168382	184724.926539	5	117.42882
594	532420.308897	184743.211305	532517.328531	184691.706048	5	109.84353
595	532429.914393	184932.976985	532437.846142	184731.124765	4	202.008
596	532009.678491	184830.207924	532529.209664	184878.852478	9	521.80353
597	532372.718405	184867.085846	532373.015227	184842.802797	1	24.284863
598	532504.045738	185004.586487	532549.212182	185000.827563	2	45.32259
599	532491.752352	185014.083768	532511.903281	185000.927534	2	24.065462
600	532485.923093	185077.915497	532494.522692	185006.585915	2	71.8461
601	532302.552935	184898.146955	532338.509646	184465.290859	6	434.34695
602	532317.204408	184488.844117	532511.697154	184540.679279	4	201.28168
603	532213.209452	184469.899539	532283.614029	184859.398047	3	395.81042
604	532308.596564	184714.189612	532401.765755	184708.591215	4	93.337242
605	532366.674775	184706.551798	532438.83555	184748.32984	4	83.382149
606	532364.234237	184719.448107	532433.970963	184679.939416	4	80.15078
607	532419.863664	184513.347103	532429.197073	184691.626071	3	178.52312
608	532265.046152	185108.326792	532280.447926	185063.909506	2	47.011806
609	532217.315493	185054.60217	532281.701175	185065.339097	1	65.274788
610	532186.140917	185093.121144	532191.566167	184988.940965	2	104.32134
611	532041.019596	185001.127477	532339.05382	184982.842711	3	298.5946
612	532407.413622	185053.812396	532420.646945	184986.251735	2	68.84449
613	532389.225017	184981.093212	532448.243164	184992.469955	3	60.104675
614	532393.190891	184988.731026	532405.913021	184918.541117	2	71.333557
615	532402.705692	184920.420579	532458.079522	184929.657935	3	56.139023
616	532441.853242	184998.858127	532456.521206	184922.75991	2	77.498955
617	532481.890775	185659.270838	533213.475046	185960.194699	11	791.0567
618	532608.229846	185714.42505	532641.597608	185570.396278	4	147.84348
619	532494.571678	185595.329141	532951.496475	185784.285053	4	494.45386
620	532625.536229	185598.818142	532683.573214	185540.914717	2	81.982307
621	532574.680692	185537.425716	532637.565773	185598.768157	2	87.848892
622	532379.782201	185516.78321	532897.788147	185508.254066	5	518.07617
623	532630.128728	185133.831243	532743.226231	185136.430499	1	113.12737
624	532738.996515	185055.073787	532759.807049	185810.347593	11	755.56042
625	532822.02428	185582.532804	533308.048429	185701.947063	4	500.479
626	532819.806359	185651.992921	532833.113887	185458.518303	3	193.93173
627	532892.313426	185655.881808	532896.19685	185591.690183	3	64.308983
628	532841.070371	185674.086597	532903.073231	185644.20515	2	68.827721
629	532882.666705	185645.484784	533018.964367	185679.897592	3	140.57487
630	532928.484509	185847.376993	533171.791246	185088.690552	12	796.74542
631	533040.971878	185459.028157	533342.086167	185539.229407	3	311.61203
632	533040.869687	185902.686787	533064.145494	185815.621709	1	90.122643
633	532853.264817	185505.72479	533314.949235	185601.821346	5	471.57932
634	532896.584368	185272.381584	533323.615384	185304.842292	5	428.263
635	532501.860312	185272.591524	533064.346626	185283.848301	5	562.59894
636	533003.448605	185324.136769	533056.976395	184798.314821	5	528.53943
637	532730.99056	185073.218594	532910.240585	184975.770777	5	204.02609
638	532887.833761	184954.200538	532984.509699	185285.387861	5	345.00909
639	533009.492234	185140.179426	533223.840618	185128.424782	4	214.67044
640	533120.759334	184991.97773	533164.669849	185152.192991	4	166.12364
641	532535.080541	185099.055441	532800.075927	185049.795298	6	269.535
642	532965.941822	185534.316606	532981.343596	185489.89932	2	47.011806
643	532918.211163	185480.591984	532982.596845	185491.328911	1	65.274788
644	532887.036587	185519.110958	532892.461837	185414.930779	2	104.32134
645	532632.107543	185205.900614	532744.809283	185207.600127	2	112.71455
646	532964.061948	185729.530726	533287.399961	185848.0167	3	344.36377
647	533160.485194	185038.203824	533312.377108	184720.549657	5	352.10129
648	532525.968737	184938.195076	533310.15909	185042.780793	10	791.13379
649	532783.202604	184722.352915	533016.354731	184679.635872	7	237.03304
650	532833.457546	184793.601953	532842.931078	184708.739877	1	85.389229
651	532637.546794	184576.413333	532697.76898	184475.60254	4	117.42882
652	532664.201797	184475.083512	532699.578469	184579.074338	3	109.84353
653	532790.659095	184784.017491	532807.61867	184536.424288	5	248.17337
654	532688.116711	184815.503368	532809.549225	184814.234469	2	121.43914
655	532680.465774	184864.681718	532790.476516	184914.535179	2	120.77968
656	532685.258845	184869.414696	532689.373959	184813.730886	2	55.835659
657	532702.892582	185206.980301	532702.89481	185206.968067	1	0.012435302
658	532729.11626	185062.986031	532803.692966	184653.485179	9	416.23627
659	532491.67071	184640.231707	532833.755893	184720.028022	5	351.26874
660	532499.975473	184739.94504	532792.482948	184732.546172	3	292.60104
661	532734.319602	184852.272505	532769.212115	184858.943804	1	35.524551
662	532653.115703	184684.729984	532662.444623	184591.860121	3	93.337242
663	532654.836092	184626.176973	532707.585566	184561.600854	3	83.382149
664	532639.294461	184555.498451	532667.178268	184630.642585	4	80.15078
665	532472.584102	184542.862363	532650.07041	184562.074685	3	178.52312
666	532893.717797	184994.635461	532923.188084	184697.498736	4	298.5946
667	531538.538439	185607.847884	531861.827826	185191.773577	6	526.90973
668	531733.704075	185347.638093	532464.148204	185651.318997	8	791.0567
669	531783.992688	185523.353816	531862.097157	185397.825387	4	147.84348
670	531697.519714	185401.860209	532154.444511	185590.816121	5	494.45386
671	531792.696598	185491.889357	531792.885564	185573.871444	3	81.982307
672	531713.333946	185499.431572	531801.177268	185500.421101	3	87.848892
673	531610.700038	185649.814566	531730.360655	185490.95743	4	198.88251
674	531620.035263	185437.486389	531921.465017	185748.290708	7	432.96561
675	531650.997901	185688.805133	531795.073611	185570.13741	4	186.65433
676	531609.716111	185644.426899	531651.845197	185688.831412	3	61.209644
677	531419.603835	185873.139547	531638.856727	185672.455379	5	297.2305
678	531467.531654	185824.307266	531549.43165	185902.346948	2	113.12737
679	531488.975827	185956.953711	532119.186289	185356.969123	9	870.14178
680	531920.292545	185642.195846	532283.069773	185889.736651	4	439.18533
681	531840.552788	185737.82088	531967.781488	185591.457031	2	193.93173
682	531979.268684	185688.10056	532021.857493	185639.915095	3	64.308983
683	531998.439307	185590.835022	532021.227472	185655.780807	2	68.827721
684	532007.685046	185640.46198	532354.176342	185846.716386	4	403.23331
685	531998.119894	185892.991515	532182.715114	185529.898829	7	407.3226
686	531988.060055	185884.268177	532194.187825	186004.879594	7	238.82162
687	531823.906145	185981.011624	532006.0751	185882.414698	6	207.13977
688	531822.849706	185893.828664	531880.274702	185957.02431	1	85.389229
689	532311.198579	185678.393526	532356.214415	185600.318783	1	90.122643
690	532191.215405	186005.769276	532436.590975	185602.36008	8	472.17386
691	531888.159585	185718.634809	532243.102999	185950.691698	5	424.06982
692	531983.707795	186179.165119	532196.631823	185988.747422	5	285.64932
693	531651.967629	186274.379	531834.720544	186117.859235	5	240.61809
694	531474.732813	185635.481035	531880.879584	186024.791155	5	562.59894
695	532084.042336	186020.220067	532125.476384	186066.896386	2	62.413612
696	532082.047427	186004.814029	532087.020575	186028.360031	2	24.065462
697	532078.712944	186012.078587	532123.004546	185955.509016	2	71.8461
698	531418.778869	186104.345157	531495.361206	186318.654076	1	227.58112
699	531405.175343	186133.522312	531496.123753	185938.454076	2	215.22832
700	531967.651931	185820.298893	531988.120213	185777.976802	2	47.011806
701	531916.385431	185782.297886	531969.548841	185820.172013	1	65.274788
702	531851.781007	185810.594354	531921.521881	185733.01115	3	104.32134
703	531753.813062	185695.637567	531951.88356	185919.080645	5	298.5946
704	532012.052858	185974.295815	532050.402192	185917.121587	2	68.84449
705	531986.165178	185955.754619	532035.980691	185989.384765	3	60.104675
706	531953.798994	186011.823186	531994.367226	185953.148707	2	71.333557
707	531952.855903	186008.227366	531998.580495	186040.798082	3	56.139023
708	531992.605316	186044.580718	532035.969035	185980.349295	3	77.498955
709	532589.748562	185685.358288	532589.937528	185767.340375	3	81.982307
710	532510.38591	185692.900503	532598.229233	185693.890033	3	87.848892
711	532406.805014	185844.840392	532526.465631	185685.983256	3	198.88251
712	532357.833442	185569.858724	532718.516981	185941.75964	8	518.07617
713	532448.049865	185882.274065	532592.125576	185763.606342	3	186.65433
714	532406.768075	185837.89583	532448.897161	185882.300344	3	61.209644
715	532216.655799	186066.608479	532435.908691	185865.92431	5	297.2305
716	532360.533068	186075.917366	532834.203129	185630.446297	10	650.23676
717	532717.344509	185835.664778	532936.586571	185985.264456	3	265.41882
718	532637.604753	185931.289811	532764.833452	185784.925963	3	193.93173
719	532776.320648	185881.569492	532818.909457	185833.384027	3	64.308983
720	532795.491271	185784.303954	532818.279437	185849.249739	3	68.827721
721	532804.73701	185833.930912	533151.228306	186040.185318	3	403.23331
722	532795.171858	186086.460447	532929.800941	185821.402824	6	297.28864
723	532785.112019	186077.737108	532991.239789	186198.348525	3	238.82162
724	532620.958109	186174.480555	532803.127064	186075.88363	5	207.13977
725	532487.895562	185923.221154	532677.326666	186150.493242	2	295.86609
726	532685.211549	185912.103741	533069.580712	186166.970325	5	461.19046
727	532596.323721	186341.331993	532783.926762	186029.330587	5	364.06012
728	532563.33634	186239.667079	532671.224339	186286.032017	4	117.42882
729	532612.030176	186201.145396	532644.334769	186306.131177	3	109.84353
730	532271.784777	185828.949967	532505.439737	186045.768275	4	318.7551
731	532414.079667	186283.737681	532456.17094	185958.238507	5	328.20935
732	532406.790925	186170.698068	532571.998535	186193.879467	4	166.82605
733	532548.169142	186189.216154	532628.760769	186210.607084	3	83.382149
734	532555.549979	186178.362848	532577.01348	186255.586328	4	80.15078
735	532486.543697	186326.291197	532581.88812	186243.941337	3	125.98436
736	532172.735117	185975.263057	532257.346144	186098.20954	5	149.24767
737	532764.703896	186013.767825	532785.172178	185971.445734	2	47.011806
738	532713.437395	185975.766818	532766.600805	186013.640945	1	65.274788
739	532648.832971	186004.063285	532718.573845	185926.480081	3	104.32134
740	532550.865026	185889.106499	532748.935524	186112.549577	4	298.5946
741	532809.104823	186167.764747	532847.454156	186110.590519	2	68.84449
742	532783.217143	186149.223551	532833.032655	186182.853696	1	60.104675
743	532316.886414	185968.154353	532397.870761	186046.551458	2	112.71455
744	532484.706693	186858.233085	532611.716116	186297.509083	5	574.92853
745	532495.053707	186542.844571	532547.315567	186321.624765	2	227.30927
746	532302.445571	186337.954854	532403.929434	186201.815503	3	169.80252
747	532279.867123	186136.157785	533301.964636	186916.681637	8	1286.0408
748	532220.466605	186717.486676	532406.996132	186319.880711	4	439.18533
749	532299.880114	186256.408398	532464.657849	186358.671862	2	193.93173
750	532371.082371	186385.421764	532425.442087	186419.782599	3	64.308983
751	532409.678901	186421.690404	532470.160245	186388.838273	2	68.827721
752	532274.274318	186780.824005	532422.642422	186405.878671	4	403.23331
753	532171.81854	186436.70136	532559.699344	186561.040314	8	407.3226
754	532092.624676	186648.101237	532178.826247	186425.3793	6	238.82162
755	532057.146411	186278.751138	532183.528486	186442.868331	7	207.13977
756	532089.81472	186330.573787	532143.045525	186263.807019	1	85.389229
757	532433.590954	186711.557255	532517.844537	186743.548266	1	90.122643
758	532091.272428	186645.308703	532528.645281	186823.221988	7	472.17386
759	532153.918759	186687.75042	532326.411557	186300.346934	5	424.06982
760	531805.981463	186360.120561	532160.850721	186688.525773	8	483.51025
761	531638.584156	186248.397279	532019.187977	186551.221795	2	486.37634
762	531822.388527	186393.090056	531850.957699	186279.189528	4	117.42882
763	531798.259009	186369.749287	531896.750706	186321.11816	4	109.84353
764	531876.694323	186328.286208	532045.128842	186439.807703	4	202.008
765	531943.18184	186488.754835	532093.982912	186228.396289	7	300.87793
766	531995.178958	186015.230887	532011.499862	186166.344763	4	151.99268
767	532367.752182	186017.395091	532367.759246	186017.384856	1	0.012435302
768	532023.011316	186341.976255	532159.436339	186124.137174	5	257.03241
769	532005.204751	186340.939274	532025.083457	186354.888884	1	24.284863
770	532030.47336	186576.266049	532059.917927	186541.810938	2	45.32259
771	532052.35698	186546.04898	532074.808779	186537.385081	2	24.065462
772	532067.105483	186535.251582	532130.013549	186569.956592	2	71.8461
773	531792.763214	186130.980154	532091.292124	186316.102313	6	351.26874
774	531936.680417	186133.867962	532070.915572	186278.089735	3	197.02538
775	531769.516237	186138.516602	532468.845803	186177.575543	11	700.41949
776	531879.493338	186285.839527	531938.482345	186213.506013	3	93.337242
777	531890.077738	186339.143359	531898.344779	186256.172049	4	83.382149
778	531837.422918	186295.229987	531910.236094	186261.727914	4	80.15078
779	531710.480298	186186.429316	531849.69618	186298.185485	4	178.52312
780	532238.723078	186395.032465	532283.767347	186408.490685	2	47.011806
781	532239.150794	186396.884875	532268.06354	186338.36265	2	65.274788
782	532138.690872	186395.216436	532327.693221	186164.052331	4	298.5946
783	532006.439739	186419.175581	532156.333518	186492.162275	2	166.71893
784	532359.977566	186772.190756	532443.278589	186521.044007	2	264.6011
785	531690.869932	185858.91738	531813.409667	185746.421847	3	166.34673
786	531532.648741	185734.155051	531602.657669	185904.88841	2	184.52948
787	532171.469385	186298.572254	532274.102964	186355.110223	2	117.17591
788	532180.862253	185533.543345	532356.687285	185442.166375	1	198.15195
789	534574.657185	184195.402125	535121.140847	184069.916781	5	560.70575
790	534563.562293	184974.129007	534591.680522	184183.57219	13	791.0567
791	534583.836146	184321.202178	534730.488454	184302.472644	3	147.84348
792	534698.25765	184297.281735	534772.712856	184331.596753	3	81.982307
793	534702.482315	184308.545155	534738.166945	184228.270404	3	87.848892
794	534723.371547	184240.220974	534917.631564	184197.591186	3	198.88251
795	534720.705827	184117.649614	534877.736194	184521.135283	7	432.96561
796	534768.406805	184332.030894	534936.296866	184250.466403	3	186.65433
797	534913.143151	184194.45284	534935.967883	184251.247666	3	61.209644
798	534926.488964	184232.619061	535200.253338	184116.864865	5	297.2305
799	535135.896953	184140.101114	535172.737595	184247.061707	2	113.12737
800	534562.260508	184461.164981	535247.561401	184214.840549	8	728.22595
801	534781.768492	184475.883822	534855.733432	184908.796002	4	439.18533
802	534715.861565	184497.92705	534901.915218	184443.21365	2	193.93173
803	534737.396022	184567.271591	534798.940809	184548.619916	3	64.308983
804	534702.527951	184525.540516	534752.082699	184573.306429	2	68.827721
805	534743.795646	184554.614492	534787.00774	184955.52572	4	403.23331
806	534570.382231	184667.696421	534977.366153	184651.089755	7	407.3226
807	534973.624979	184638.310842	534997.432303	184875.942875	7	238.82162
808	534964.437135	184653.917275	535129.944616	184529.361442	7	207.13977
809	535051.122321	184492.091746	535084.660673	184570.618804	1	85.389229
810	534553.928547	184777.71118	534643.657919	184769.301014	2	90.122643
811	534530.528166	184928.685384	534999.479085	184873.611031	10	472.17386
812	534864.645343	184478.50485	534927.795663	184897.846314	6	424.06982
813	534920.9074	184896.748538	535350.389301	184674.650654	11	483.51025
814	535094.007101	184802.106005	535583.637988	184575.767496	10	539.41406
815	535325.798299	184702.06346	535328.577977	184584.667544	5	117.42882
816	535273.276435	184612.894289	535355.270169	184685.987575	5	109.84353
817	535098.658423	184687.806427	535290.701247	184625.142364	4	202.008
818	535098.509015	184438.08928	535183.89869	184762.124056	9	335.09689
819	535006.882355	184457.093469	535127.063137	184439.656582	3	121.43914
820	534991.75315	184409.678765	535092.77961	184343.486731	2	120.77968
821	534995.760614	184404.264446	535008.397438	184458.651315	2	55.835659
822	534961.226757	184068.007254	535146.018893	184599.391705	10	562.59894
823	535140.584411	184611.286922	535163.459076	184603.131906	1	24.284863
824	535057.251555	184782.193123	535076.462555	184823.242784	2	45.32259
825	535044.075999	184773.963275	535063.41164	184788.29085	2	24.065462
826	534982.19293	184790.665242	535052.06928	184773.957217	2	71.8461
827	535087.088601	184556.27616	535505.489654	184439.666367	6	434.34695
828	535476.003253	184427.867158	535494.940716	184628.255992	4	201.28168
829	535227.765574	184213.634501	535495.623878	184458.249491	5	362.74588
830	535116.848257	184525.058811	535457.651802	184323.765899	3	395.81042
831	535074.86778	184403.586458	535108.522419	184392.212847	1	35.524551
832	535261.69466	184498.056288	535299.301714	184583.481985	3	93.337242
833	535274.910697	184632.04541	535289.027295	184549.866922	4	83.382149
834	535276.086116	184552.057106	535337.354799	184603.732014	4	80.15078
835	535324.737621	184603.313977	535488.678393	184532.646259	3	178.52312
836	535103.370078	184075.733181	535258.968139	183992.153113	2	176.62498
837	535153.166046	184036.181063	535273.723864	184270.284958	4	263.32266
838	534876.965263	184594.098185	534923.966796	184593.115427	2	47.011806
839	534910.769279	184530.680211	534923.061435	184594.787158	1	65.274788
840	534863.821121	184514.823476	534963.40089	184483.729864	3	104.32134
841	534899.688958	184346.786186	535020.341176	184619.919439	2	298.5946
842	534977.529877	184708.67163	535045.481163	184697.617833	2	68.84449
843	535039.405946	184666.3602	535049.233996	184725.655911	3	60.104675
844	535033.620864	184672.731791	535103.86021	184660.285498	2	71.333557
845	535100.983846	184657.930531	535111.552469	184713.065765	3	56.139023
846	535041.024265	184721.882297	535117.479941	184709.2088	2	77.498955
847	535069.000684	184166.986037	535106.547618	184273.263025	2	112.71455
848	534693.249139	184660.132058	534706.694412	184924.391352	2	264.6011
849	534407.504716	185779.34208	534453.692303	184480.757033	15	1299.4061
850	534427.77857	185126.415252	534574.430877	185107.685717	4	147.84348
851	534481.481436	185472.577643	534499.988673	184978.470277	4	494.45386
852	534542.200073	185102.494808	534616.65528	185136.809827	3	81.982307
853	534546.424738	185113.758229	534582.109368	185033.483477	3	87.848892
854	534569.123813	185045.221496	534763.38383	185002.591709	3	198.88251
855	534533.779885	184843.547182	534721.678617	185326.348356	8	518.07617
856	534612.349228	185137.243968	534780.239289	185055.679477	3	186.65433
857	534757.085574	184999.665913	534779.910306	185056.46074	3	61.209644
858	534770.431387	185037.832134	535044.195761	184922.077939	5	297.2305
859	534979.839376	184945.314188	535016.680018	185052.274781	2	113.12737
860	534390.468496	185301.871061	535091.503824	185020.053622	11	755.56042
861	534625.710916	185281.096896	534699.675855	185714.009075	5	439.18533
862	534559.803988	185303.140124	534745.857641	185248.426724	3	193.93173
863	534581.338446	185372.484665	534642.883232	185353.832989	3	64.308983
864	534546.470374	185330.75359	534596.025122	185378.519503	2	68.827721
865	534587.738069	185359.827566	534630.950164	185760.738794	5	403.23331
866	534157.732629	185538.915308	534848.842646	185522.308643	9	691.30951
867	534817.567402	185443.523916	534841.374726	185681.155949	6	238.82162
868	534808.379558	185459.130349	534973.88704	185334.574516	7	207.13977
869	534895.064744	185297.30482	534928.603096	185375.831877	1	85.389229
870	534406.08931	185659.974073	534495.818681	185651.563907	1	90.122643
871	534374.470589	185733.898458	534843.421508	185678.824105	7	472.17386
872	534708.587766	185283.717924	534771.738086	185703.059388	7	424.06982
873	534764.849823	185701.961612	535078.992376	185538.201886	5	354.26373
874	534942.451438	185243.302354	535027.841113	185567.33713	8	335.09689
875	534850.824778	185262.306543	534971.005561	185244.869656	3	121.43914
876	534835.695573	185214.891839	534936.722033	185148.699805	2	120.77968
877	534839.703037	185209.47752	534852.339862	185263.864389	2	55.835659
878	534805.16918	184873.220328	534989.961316	185404.604779	10	562.59894
879	534984.526835	185416.499995	535007.401499	185408.344979	1	24.284863
880	534901.193978	185587.406197	534920.404978	185628.455858	2	45.32259
881	534888.018422	185579.176349	534907.354063	185593.503923	2	24.065462
882	534826.135353	185595.878316	534896.011703	185579.170291	2	71.8461
883	534931.031024	185361.489234	535274.748313	185272.538271	4	355.04062
884	535071.707997	185018.847575	535225.342791	185153.097336	5	204.02609
885	534960.790681	185330.271885	535237.788656	185124.593978	5	345.00909
886	534918.810203	185208.799531	534952.464842	185197.425921	1	35.524551
887	534979.440914	184844.104724	535117.666287	185075.498032	6	269.535
888	534720.907686	185399.311258	534767.909219	185398.328501	2	47.011806
889	534754.711702	185335.893285	534767.003858	185400.000231	1	65.274788
890	534707.763545	185320.03655	534807.343313	185288.942937	3	104.32134
891	534743.631381	185151.99926	534864.283599	185425.132512	3	298.5946
892	534912.943107	184972.19911	534950.490041	185078.476099	2	112.71455
893	534537.191562	185503.477633	534550.636835	185729.604425	2	226.52615
894	535204.496158	185229.19193	535370.532227	185193.626199	4	169.80252
895	535127.124245	184779.694198	535293.557118	185516.696029	9	755.56042
896	535310.557793	185281.150834	535749.725	185277.1594	4	439.18533
897	535297.462815	185157.332025	535321.810242	185349.729325	2	193.93173
898	535385.101419	185275.79588	535393.701243	185339.52726	3	64.308983
899	535346.944402	185367.295278	535402.000642	185325.990727	2	68.827721
900	535382.226487	185331.191356	535784.898658	185352.456817	4	403.23331
901	535466.211156	185520.41691	535514.709946	185115.991934	7	407.3226
902	535501.497998	185117.647664	535739.885867	185132.035007	6	238.82162
903	535418.867409	184945.95612	535515.439778	185129.206385	7	207.13977
904	535369.506432	185017.827383	535452.376475	184997.239138	1	85.389229
905	535717.506417	185601.375402	535737.910212	185129.642602	7	472.17386
906	535326.359881	185199.752209	535750.405618	185204.273205	6	424.06982
907	535597.447409	184751.497905	535748.223563	185210.898302	8	483.51025
908	535547.180422	184541.770925	535682.392359	185024.922582	5	501.71484
909	535505.137738	184758.682504	535620.588503	184780.145227	5	117.42882
910	535524.185606	184817.777244	535609.417536	184748.487137	5	109.84353
911	535539.055343	184802.528299	535570.296749	185002.105868	4	202.008
912	535357.746004	184958.474606	535657.255012	184929.805982	8	300.87793
913	535298.492212	184889.139347	535341.85494	185002.57276	2	121.43914
914	535241.173485	185019.521066	535249.717782	184899.04399	2	120.77968
915	535246.944008	184905.182458	535300.591002	184889.702767	2	55.835659
916	534936.513858	185038.95319	534936.526105	185038.951031	1	0.012435302
917	535080.652713	185013.536228	535490.564742	184941.253717	8	416.23627
918	535497.037903	184924.633029	535501.441253	184948.515346	1	24.284863
919	535656.87362	185058.032807	535700.461267	185045.612897	2	45.32259
920	535646.648239	185069.727561	535663.87555	185052.923806	2	24.065462
921	535647.916776	185061.835578	535653.26936	185133.482017	2	71.8461
922	535394.629739	184644.050052	535438.604457	184992.555358	5	351.26874
923	535304.007138	184686.46776	535412.531629	184958.198879	4	292.60104
924	535280.057722	184945.236103	535285.919638	184980.273679	1	35.524551
925	535408.970117	184810.900093	535499.299289	184787.395178	3	93.337242
926	535464.476048	184792.178276	535543.352293	184819.21751	4	83.382149
927	535464.574759	184805.30311	535525.357753	184753.057772	4	80.15078
928	535479.309778	184592.335656	535522.933274	184765.446874	3	178.52312
929	535442.438736	185206.021096	535448.962877	185159.464189	2	47.011806
930	535385.222118	185162.537657	535450.468862	185160.624523	1	65.274788
931	535347.264475	185103.093237	535362.082435	185206.356837	3	104.32134
932	535201.914047	185144.154584	535490.790719	185068.596661	5	298.5946
933	535571.503594	185056.167204	535571.581237	185125.01165	2	68.84449
934	535539.677178	185057.180712	535599.781343	185056.933015	3	60.104675
935	535543.957333	184992.582459	535545.04483	185063.907723	2	71.333557
936	535541.173863	184995.046528	535597.288862	184993.404349	3	56.139023
937	535594.426369	184986.937725	535594.746978	185064.436015	2	77.498955
938	535478.334519	185397.915805	535741.356772	185426.778307	2	264.6011
939	534386.096584	184657.946566	534391.276593	184519.650385	2	138.39316
940	534150.45281	184882.379079	534256.595302	184456.212986	3	439.18533
941	534215.490232	184934.119016	534288.572156	184537.563685	2	403.23331
942	534104.300387	184622.785745	534453.040371	184663.301276	5	351.08557
943	534358.410111	184835.358794	534447.258927	184850.457767	1	90.122643
944	534009.742003	184836.539535	534473.259002	184926.540316	8	472.17386
945	534079.411606	184866.069323	534173.754598	184452.626913	7	424.06982
946	533755.439882	184661.626429	534086.362689	184865.489913	5	388.67752
947	534106.025704	184562.478705	534152.822024	184566.974746	2	47.011806
948	534106.803472	184564.213479	534123.856825	184501.205695	2	65.274788
949	534252.89623	185308.789689	534476.385315	184841.397417	6	518.07617
950	533961.524964	184881.525527	534304.335034	185057.781168	4	385.46698
951	533907.020204	184975.687719	534585.009383	185309.157766	10	755.56042
952	534245.837661	185697.010156	534351.980153	185270.844063	7	439.18533
953	534234.614027	185229.277632	534416.053428	185297.755817	3	193.93173
954	534329.414795	185342.091746	534389.391862	185365.295132	2	64.308983
955	534374.294889	185370.214397	534427.284005	185326.289357	2	68.827721
956	534310.875083	185748.750093	534354.077917	185514.323944	4	238.37387
957	534042.849838	185342.655189	534082.168579	185266.85706	0	85.389229
958	534231.245567	185651.170611	534438.433728	185715.179828	4	216.85043
959	534174.796457	185680.7004	534269.139449	185267.25799	6	424.06982
960	533929.563976	185526.200168	534038.954415	185209.461057	6	335.09689
961	534010.363055	185208.887923	534128.902698	185235.266299	3	121.43914
962	534127.275322	185236.706442	534143.945249	185183.417283	1	55.835659
963	533979.51113	185366.757455	534203.536687	184850.685639	7	562.59894
964	533961.840022	185369.18253	533984.040541	185379.025878	1	24.284863
965	533705.401576	185213.756971	534041.501641	185328.171107	4	355.04062
966	533763.603666	185098.346576	533926.850785	184975.965914	5	204.02609
967	533753.32492	185068.992048	534014.160641	185294.815002	5	345.00909
968	533876.783425	185029.019644	534031.931302	184808.614896	6	269.535
969	534201.410555	185377.109782	534248.206875	185381.605823	2	47.011806
970	534202.188323	185378.844555	534219.241676	185315.836772	1	65.274788
971	534170.269744	185265.080771	534267.244479	185303.536511	3	104.32134
972	534043.26847	185044.495295	534088.660447	184941.324859	3	112.71455
973	533615.789208	185127.900715	533778.699491	185175.787428	2	169.80252
974	533668.380798	185455.823582	533889.480123	184733.337119	10	755.56042
975	533156.297039	185130.560588	533669.048154	185219.666608	6	520.43597
976	533652.697092	185287.211184	533691.368935	185097.174328	3	193.93173
977	533574.507192	185257.540309	533726.355444	185312.833746	4	161.60216
978	533277.474126	185310.175594	533593.836898	185264.205608	4	319.68521
979	533252.077925	185038.851914	533672.287457	185028.048537	5	420.34839
980	533658.67825	184939.527857	533710.405074	184829.656108	2	121.43914
981	533757.80975	184963.960338	533758.301905	184843.181661	2	120.77968
982	533708.270017	184830.060946	533760.608708	184849.510427	2	55.835659
983	534060.150026	185006.125573	534060.162077	185006.128643	1	0.012435302
984	532885.238784	184800.028308	533918.328456	184970.000324	9	1046.9789
985	533494.423246	185058.115469	533576.328783	184703.140253	4	364.30197
986	533604.038896	184929.958876	533720.066825	184684.421651	4	271.57138
987	533716.124948	184921.475601	533724.59149	184886.974711	0	35.524551
988	533431.973449	185232.430222	533540.13387	185087.967275	2	180.46667
989	533538.545304	185089.0117	533603.466114	185095.800376	2	65.274788
990	533565.597126	185014.95322	533787.635743	185091.181513	5	234.75923
991	533835.404973	184778.324266	533961.346126	184945.405928	2	209.23062
992	533589.85843	185107.28022	533607.233213	184991.399632	3	117.17591
993	534448.979216	184662.829463	534595.731555	184795.975785	2	198.15195
994	531448.583794	186119.776035	531733.284027	186204.735111	1	297.10651
995	531632.472108	185930.735816	531639.73935	186196.056148	3	265.41983
996	531358.457914	185930.133858	531685.194977	186008.89228	4	336.09521
997	531770.029234	185963.283155	531808.213662	186140.561203	1	181.34375
998	532232.168083	186022.145713	532232.168083	186186.359762	3	164.21405
999	531627.590761	186001.947005	531869.318273	185971.120775	5	243.68513
1000	531611.397049	186201.937586	531901.096327	186217.113684	2	290.0965
1001	533414.11404	185165.537038	533424.425402	184724.739221	5	440.9184
1002	532990.64376	184514.529144	533322.717124	184642.932061	7	356.03375
1003	533885.021829	184579.439517	534153.204805	184752.247218	3	319.03702
1004	531510.629785	185399.989769	531550.244234	185166.880259	6	236.45158
1005	532988.23624	186147.308367	533381.902938	186201.567533	5	397.38837
1006	532778.64114	187622.18866	533427.582291	185080.181236	15	2623.5332
1007	534248.581817	185619.448736	534493.593519	185630.183595	4	245.24675
1008	534172.058872	185831.287567	534282.01837	185616.188519	7	241.57544
1009	533826.182846	185498.185597	534504.172025	185831.655644	7	755.56042
1010	534165.000303	186219.508034	534271.142795	185793.341941	5	439.18533
1011	534153.776669	185751.775511	534335.21607	185820.253695	2	193.93173
1012	534248.577437	185864.589624	534308.554504	185887.793011	2	64.308983
1013	534230.037725	186271.247971	534303.11965	185874.692641	4	403.23331
1014	534062.986586	185953.424909	534358.301923	185987.621186	5	297.28864
1015	534026.156106	186176.146914	534067.673228	185940.961667	8	238.82162
1016	533919.941754	185820.623758	534075.66786	185957.211685	7	207.13977
1017	533962.01248	185865.153067	534001.331221	185789.354938	1	85.389229
1018	534024.289496	186173.66849	534357.59637	186237.677706	6	339.39749
1019	534093.959099	186203.198278	534188.302091	185789.755869	7	424.06982
1020	533638.990935	185915.962748	534100.910183	186202.618868	11	543.63696
1021	533711.71755	185978.190674	533717.72768	185860.915757	5	117.42882
1022	533683.530845	185959.955135	533770.762715	185893.200346	4	109.84353
1023	533752.470487	185904.110607	533939.287514	185980.965208	4	202.008
1024	533848.726618	186048.698046	533958.117057	185731.958935	9	335.09689
1025	533929.525697	185731.385802	534048.06534	185757.764177	3	121.43914
1026	534046.437964	185759.20432	534063.107891	185705.915162	1	55.835659
1027	533898.673772	185889.255333	534282.884006	185012.284988	11	957.44165
1028	533881.002664	185891.680408	533903.203183	185901.523756	1	24.284863
1029	533951.289622	186117.682482	533973.517589	186078.184954	2	45.32259
1030	533966.918612	186083.804779	533987.271877	186070.963788	2	24.065462
1031	533979.301445	186070.359795	534047.73213	186092.248234	2	71.8461
1032	533624.564218	185736.254849	533960.664283	185850.668985	5	355.04062
1033	533682.766308	185620.844455	533846.013427	185498.463792	5	204.02609
1034	533672.487562	185591.489927	533933.323283	185817.31288	5	345.00909
1035	533951.563582	185685.461975	533984.273098	185699.321315	1	35.524551
1036	533747.0106	185861.923585	533790.902708	185779.550512	3	93.337242
1037	533759.770868	185829.171307	533767.700397	185912.175553	4	83.382149
1038	533707.549297	185879.270243	533772.511945	185832.323443	4	80.15078
1039	533609.825733	185818.987034	533720.162394	185879.797228	3	125.98436
1040	533795.946067	185551.517522	533892.357923	185253.367732	3	313.35052
1041	534120.573197	185899.60766	534167.369517	185904.103701	2	47.011806
1042	534121.350965	185901.342434	534138.404318	185838.33465	1	65.274788
1043	534089.432386	185787.57865	534186.407121	185826.034389	3	104.32134
1044	534022.463731	185919.127103	534163.210126	185655.784772	3	298.5946
1045	533991.581812	185994.727147	534058.515802	186010.833193	3	68.84449
1046	533985.742054	186022.405925	533999.978292	185964.011564	3	60.104675
1047	533936.159056	185953.132262	534005.270526	185970.798066	2	71.333557
1048	533924.540024	186005.189208	533939.203528	185950.999066	3	56.139023
1049	533918.917688	186000.899634	533994.211074	186019.257029	2	77.498955
1050	533962.431112	185566.993174	534007.823089	185463.822737	2	112.71455
1051	533183.092197	185960.49207	533680.287998	185926.372386	7	498.36514
1052	533409.706938	185902.175085	533635.307428	185874.355608	1	227.30927
1053	533534.95185	185650.398593	533697.862133	185698.285306	2	169.80252
1054	533587.54344	185978.32146	533771.907397	185375.875192	9	630.02509
1055	533571.859734	185809.709063	533610.531577	185619.672206	1	193.93173
1056	533500.933353	185794.157643	533514.276625	185731.248163	2	64.308983
1057	533493.669834	185780.038188	533545.481945	185825.345589	2	68.827721
1058	533196.636768	185832.673472	533512.99954	185786.703487	5	319.68521
1059	533281.983386	185528.829642	533591.450099	185550.546415	4	310.22775
1060	533979.312668	185528.623452	533979.324719	185528.626521	1	0.012435302
1061	533497.55948	185639.260049	533592.716804	185246.129178	6	404.48337
1062	533351.136091	185754.9281	533459.296512	185610.465153	2	180.46667
1063	533457.707946	185611.509578	533522.628756	185618.298255	2	65.274788
1064	533484.759768	185537.451098	533706.798385	185613.679391	5	234.75923
1065	533355.262807	185733.492873	533365.642311	185989.503772	4	256.22122
1066	533337.274479	186336.546903	533396.597693	186535.010094	2	207.13977
1067	533550.079506	186180.281634	533609.196594	186660.164269	5	483.51025
1068	533538.357132	185927.209678	533580.561497	186464.970143	9	539.41406
1069	533458.122339	186169.484724	533567.245723	186212.862308	5	117.42882
1070	533465.386238	186231.147074	533562.405872	186179.641817	5	109.84353
1071	533474.991734	186420.912754	533482.923483	186219.060534	3	202.008
1072	533054.755832	186318.143693	533574.287005	186366.788247	8	521.80353
1073	533417.795746	186355.021615	533418.092568	186330.738566	1	24.284863
1074	533347.630276	186386.082724	533383.586987	185953.226628	5	434.34695
1075	533362.281749	185976.779886	533556.774495	186028.615048	4	201.28168
1076	533258.286793	185940.551163	533328.69137	186347.333816	3	412.83038
1077	533353.673905	186202.125381	533446.843096	186196.526984	4	93.337242
1078	533411.752116	186194.487567	533483.912891	186236.265609	4	83.382149
1079	533409.311578	186207.383876	533479.048304	186167.875185	4	80.15078
1080	533464.941005	186001.282872	533474.274414	186179.56184	3	178.52312
1081	533828.279945	186210.288684	534061.432071	186167.57164	7	237.03304
1082	533878.534886	186281.537721	533888.008418	186196.675645	1	85.389229
1083	533682.624134	186064.349101	533742.84632	185963.538308	4	117.42882
1084	533709.279137	185963.01928	533744.655809	186067.010107	3	109.84353
1085	533835.736436	186271.953259	533852.696011	186024.360057	5	248.17337
1086	533733.194051	186303.439136	533854.626565	186302.170238	2	121.43914
1087	533725.543114	186352.617487	533835.553856	186402.470947	2	120.77968
1088	533730.336185	186357.350465	533734.4513	186301.666655	2	55.835659
1089	533774.1936	186550.921799	533848.770307	186141.420947	7	416.23627
1090	533536.74805	186128.167476	533878.833233	186207.963791	5	351.26874
1091	533545.052813	186227.880808	533837.560288	186220.48194	3	292.60104
1092	533779.396942	186340.208273	533814.289455	186346.879573	1	35.524551
1093	533698.193044	186172.665752	533707.521963	186079.795889	3	93.337242
1094	533699.913432	186114.112742	533752.662906	186049.536622	3	83.382149
1095	533684.371802	186043.434219	533712.255609	186118.578354	4	80.15078
1096	533517.661442	186030.798131	533695.147751	186050.010453	3	178.52312
1097	533938.795137	186482.57123	533968.265425	186185.434504	0	298.5946
1098	534035.7211	186002.464912	534367.794464	186130.867829	5	356.03375
1099	532354.288274	183002.991897	532380.436592	183829.50734	4	826.92896
